{
  "project_info": {
    "project_number": "539843735083",
    "firebase_url": "https://kamaratinamape.firebaseio.com",
    "project_id": "kamaratinamape",
    "storage_bucket": "kamaratinamape.appspot.com"
  },
  "client": [
    {
      "client_info": {
        "mobilesdk_app_id": "1:539843735083:android:57d261f8c091a9a8f2c46e",
        "android_client_info": {
          "package_name": "com.example.authent"
        }
      },
      "oauth_client": [
        {
          "client_id": "539843735083-ekj6u7ao15p8urv6630rea0vq9vagr86.apps.googleusercontent.com",
          "client_type": 1,
          "android_info": {
            "package_name": "com.example.authent",
            "certificate_hash": "7a947511dd3d572a36ed2af27613a0b8680f67f1"
          }
        },
        {
          "client_id": "539843735083-e4n6dg61g1npk7uka8ebf2rhcmg4t7v1.apps.googleusercontent.com",
          "client_type": 3
        }
      ],
      "api_key": [
        {
          "current_key": "AIzaSyDAJ5LFBqMK6kDhkMeX4trWILV7ut98FLY"
        },
        {
          "current_key": "AIzaSyCbfmtnNkbnhjlqanA051uSfQl1_PTjPa8"
        }
      ],
      "services": {
        "appinvite_service": {
          "other_platform_oauth_client": [
            {
              "client_id": "539843735083-e4n6dg61g1npk7uka8ebf2rhcmg4t7v1.apps.googleusercontent.com",
              "client_type": 3
            }
          ]
        }
      }
    },
    {
      "client_info": {
        "mobilesdk_app_id": "1:539843735083:android:b989158d3741f9bbf2c46e",
        "android_client_info": {
          "package_name": "com.example.cviceniec_fire"
        }
      },
      "oauth_client": [
        {
          "client_id": "539843735083-pis83md999c88pfsigaivna81ou27rio.apps.googleusercontent.com",
          "client_type": 1,
          "android_info": {
            "package_name": "com.example.cviceniec_fire",
            "certificate_hash": "7a947511dd3d572a36ed2af27613a0b8680f67f1"
          }
        },
        {
          "client_id": "539843735083-e4n6dg61g1npk7uka8ebf2rhcmg4t7v1.apps.googleusercontent.com",
          "client_type": 3
        }
      ],
      "api_key": [
        {
          "current_key": "AIzaSyDAJ5LFBqMK6kDhkMeX4trWILV7ut98FLY"
        },
        {
          "current_key": "AIzaSyCbfmtnNkbnhjlqanA051uSfQl1_PTjPa8"
        }
      ],
      "services": {
        "appinvite_service": {
          "other_platform_oauth_client": [
            {
              "client_id": "539843735083-e4n6dg61g1npk7uka8ebf2rhcmg4t7v1.apps.googleusercontent.com",
              "client_type": 3
            }
          ]
        }
      }
    },
    {
      "client_info": {
        "mobilesdk_app_id": "1:539843735083:android:e1eb9181ef908b19f2c46e",
        "android_client_info": {
          "package_name": "com.example.cviceniec_firebase"
        }
      },
      "oauth_client": [
        {
          "client_id": "539843735083-ck0gd0uuqfna80f4msj29agetpac1rud.apps.googleusercontent.com",
          "client_type": 1,
          "android_info": {
            "package_name": "com.example.cviceniec_firebase",
            "certificate_hash": "7a947511dd3d572a36ed2af27613a0b8680f67f1"
          }
        },
        {
          "client_id": "539843735083-e4n6dg61g1npk7uka8ebf2rhcmg4t7v1.apps.googleusercontent.com",
          "client_type": 3
        }
      ],
      "api_key": [
        {
          "current_key": "AIzaSyDAJ5LFBqMK6kDhkMeX4trWILV7ut98FLY"
        },
        {
          "current_key": "AIzaSyCbfmtnNkbnhjlqanA051uSfQl1_PTjPa8"
        }
      ],
      "services": {
        "appinvite_service": {
          "other_platform_oauth_client": [
            {
              "client_id": "539843735083-e4n6dg61g1npk7uka8ebf2rhcmg4t7v1.apps.googleusercontent.com",
              "client_type": 3
            }
          ]
        }
      }
    },
    {
      "client_info": {
        "mobilesdk_app_id": "1:539843735083:android:8ca39ef9299b285bf2c46e",
        "android_client_info": {
          "package_name": "com.example.fbauthdemo"
        }
      },
      "oauth_client": [
        {
          "client_id": "539843735083-e4n6dg61g1npk7uka8ebf2rhcmg4t7v1.apps.googleusercontent.com",
          "client_type": 3
        }
      ],
      "api_key": [
        {
          "current_key": "AIzaSyDAJ5LFBqMK6kDhkMeX4trWILV7ut98FLY"
        },
        {
          "current_key": "AIzaSyCbfmtnNkbnhjlqanA051uSfQl1_PTjPa8"
        }
      ],
      "services": {
        "appinvite_service": {
          "other_platform_oauth_client": [
            {
              "client_id": "539843735083-e4n6dg61g1npk7uka8ebf2rhcmg4t7v1.apps.googleusercontent.com",
              "client_type": 3
            }
          ]
        }
      }
    },
    {
      "client_info": {
        "mobilesdk_app_id": "1:539843735083:android:0c4ce860d436ec09f2c46e",
        "android_client_info": {
          "package_name": "com.example.fbdemo1"
        }
      },
      "oauth_client": [
        {
          "client_id": "539843735083-mn7cbdlpp4601ddu6idb8jhp331qnk6h.apps.googleusercontent.com",
          "client_type": 1,
          "android_info": {
            "package_name": "com.example.fbdemo1",
            "certificate_hash": "7a947511dd3d572a36ed2af27613a0b8680f67f1"
          }
        },
        {
          "client_id": "539843735083-e4n6dg61g1npk7uka8ebf2rhcmg4t7v1.apps.googleusercontent.com",
          "client_type": 3
        }
      ],
      "api_key": [
        {
          "current_key": "AIzaSyDAJ5LFBqMK6kDhkMeX4trWILV7ut98FLY"
        },
        {
          "current_key": "AIzaSyCbfmtnNkbnhjlqanA051uSfQl1_PTjPa8"
        }
      ],
      "services": {
        "appinvite_service": {
          "other_platform_oauth_client": [
            {
              "client_id": "539843735083-e4n6dg61g1npk7uka8ebf2rhcmg4t7v1.apps.googleusercontent.com",
              "client_type": 3
            }
          ]
        }
      }
    },
    {
      "client_info": {
        "mobilesdk_app_id": "1:539843735083:android:25a118e7bb1eb244f2c46e",
        "android_client_info": {
          "package_name": "com.example.firebasedemo1"
        }
      },
      "oauth_client": [
        {
          "client_id": "539843735083-2fsm2afhtsp4e9oogge07bb1k4guekrv.apps.googleusercontent.com",
          "client_type": 1,
          "android_info": {
            "package_name": "com.example.firebasedemo1",
            "certificate_hash": "7a947511dd3d572a36ed2af27613a0b8680f67f1"
          }
        },
        {
          "client_id": "539843735083-e4n6dg61g1npk7uka8ebf2rhcmg4t7v1.apps.googleusercontent.com",
          "client_type": 3
        }
      ],
      "api_key": [
        {
          "current_key": "AIzaSyDAJ5LFBqMK6kDhkMeX4trWILV7ut98FLY"
        },
        {
          "current_key": "AIzaSyCbfmtnNkbnhjlqanA051uSfQl1_PTjPa8"
        }
      ],
      "services": {
        "appinvite_service": {
          "other_platform_oauth_client": [
            {
              "client_id": "539843735083-e4n6dg61g1npk7uka8ebf2rhcmg4t7v1.apps.googleusercontent.com",
              "client_type": 3
            }
          ]
        }
      }
    },
    {
      "client_info": {
        "mobilesdk_app_id": "1:539843735083:android:a93114d00ead7aeef2c46e",
        "android_client_info": {
          "package_name": "com.example.firebasedemo11"
        }
      },
      "oauth_client": [
        {
          "client_id": "539843735083-e4n6dg61g1npk7uka8ebf2rhcmg4t7v1.apps.googleusercontent.com",
          "client_type": 3
        }
      ],
      "api_key": [
        {
          "current_key": "AIzaSyDAJ5LFBqMK6kDhkMeX4trWILV7ut98FLY"
        },
        {
          "current_key": "AIzaSyCbfmtnNkbnhjlqanA051uSfQl1_PTjPa8"
        }
      ],
      "services": {
        "appinvite_service": {
          "other_platform_oauth_client": [
            {
              "client_id": "539843735083-e4n6dg61g1npk7uka8ebf2rhcmg4t7v1.apps.googleusercontent.com",
              "client_type": 3
            }
          ]
        }
      }
    },
    {
      "client_info": {
        "mobilesdk_app_id": "1:539843735083:android:90ed85e4f0f71345f2c46e",
        "android_client_info": {
          "package_name": "com.example.firebasedemo3"
        }
      },
      "oauth_client": [
        {
          "client_id": "539843735083-3tk02qv783cl11mjjti1mhmied8q8k75.apps.googleusercontent.com",
          "client_type": 1,
          "android_info": {
            "package_name": "com.example.firebasedemo3",
            "certificate_hash": "7a947511dd3d572a36ed2af27613a0b8680f67f1"
          }
        },
        {
          "client_id": "539843735083-e4n6dg61g1npk7uka8ebf2rhcmg4t7v1.apps.googleusercontent.com",
          "client_type": 3
        }
      ],
      "api_key": [
        {
          "current_key": "AIzaSyDAJ5LFBqMK6kDhkMeX4trWILV7ut98FLY"
        },
        {
          "current_key": "AIzaSyCbfmtnNkbnhjlqanA051uSfQl1_PTjPa8"
        }
      ],
      "services": {
        "appinvite_service": {
          "other_platform_oauth_client": [
            {
              "client_id": "539843735083-e4n6dg61g1npk7uka8ebf2rhcmg4t7v1.apps.googleusercontent.com",
              "client_type": 3
            }
          ]
        }
      }
    },
    {
      "client_info": {
        "mobilesdk_app_id": "1:539843735083:android:42775525f0b5e911f2c46e",
        "android_client_info": {
          "package_name": "com.example.firebasedemo5"
        }
      },
      "oauth_client": [
        {
          "client_id": "539843735083-e4n6dg61g1npk7uka8ebf2rhcmg4t7v1.apps.googleusercontent.com",
          "client_type": 3
        }
      ],
      "api_key": [
        {
          "current_key": "AIzaSyDAJ5LFBqMK6kDhkMeX4trWILV7ut98FLY"
        },
        {
          "current_key": "AIzaSyCbfmtnNkbnhjlqanA051uSfQl1_PTjPa8"
        }
      ],
      "services": {
        "appinvite_service": {
          "other_platform_oauth_client": [
            {
              "client_id": "539843735083-e4n6dg61g1npk7uka8ebf2rhcmg4t7v1.apps.googleusercontent.com",
              "client_type": 3
            }
          ]
        }
      }
    },
    {
      "client_info": {
        "mobilesdk_app_id": "1:539843735083:android:6adb63bf97237041f2c46e",
        "android_client_info": {
          "package_name": "com.example.firestoreclouddemo"
        }
      },
      "oauth_client": [
        {
          "client_id": "539843735083-e4n6dg61g1npk7uka8ebf2rhcmg4t7v1.apps.googleusercontent.com",
          "client_type": 3
        }
      ],
      "api_key": [
        {
          "current_key": "AIzaSyDAJ5LFBqMK6kDhkMeX4trWILV7ut98FLY"
        },
        {
          "current_key": "AIzaSyCbfmtnNkbnhjlqanA051uSfQl1_PTjPa8"
        }
      ],
      "services": {
        "appinvite_service": {
          "other_platform_oauth_client": [
            {
              "client_id": "539843735083-e4n6dg61g1npk7uka8ebf2rhcmg4t7v1.apps.googleusercontent.com",
              "client_type": 3
            }
          ]
        }
      }
    },
    {
      "client_info": {
        "mobilesdk_app_id": "1:539843735083:android:cc8a6e0e9ade5799f2c46e",
        "android_client_info": {
          "package_name": "com.example.xxnaprednaske"
        }
      },
      "oauth_client": [
        {
          "client_id": "539843735083-e4n6dg61g1npk7uka8ebf2rhcmg4t7v1.apps.googleusercontent.com",
          "client_type": 3
        }
      ],
      "api_key": [
        {
          "current_key": "AIzaSyDAJ5LFBqMK6kDhkMeX4trWILV7ut98FLY"
        },
        {
          "current_key": "AIzaSyCbfmtnNkbnhjlqanA051uSfQl1_PTjPa8"
        }
      ],
      "services": {
        "appinvite_service": {
          "other_platform_oauth_client": [
            {
              "client_id": "539843735083-e4n6dg61g1npk7uka8ebf2rhcmg4t7v1.apps.googleusercontent.com",
              "client_type": 3
            }
          ]
        }
      }
    },
    {
      "client_info": {
        "mobilesdk_app_id": "1:539843735083:android:c912c76e84aa81d6f2c46e",
        "android_client_info": {
          "package_name": "com.example.xxxnaprednaske"
        }
      },
      "oauth_client": [
        {
          "client_id": "539843735083-e4n6dg61g1npk7uka8ebf2rhcmg4t7v1.apps.googleusercontent.com",
          "client_type": 3
        }
      ],
      "api_key": [
        {
          "current_key": "AIzaSyDAJ5LFBqMK6kDhkMeX4trWILV7ut98FLY"
        },
        {
          "current_key": "AIzaSyCbfmtnNkbnhjlqanA051uSfQl1_PTjPa8"
        }
      ],
      "services": {
        "appinvite_service": {
          "other_platform_oauth_client": [
            {
              "client_id": "539843735083-e4n6dg61g1npk7uka8ebf2rhcmg4t7v1.apps.googleusercontent.com",
              "client_type": 3
            }
          ]
        }
      }
    },
    {
      "client_info": {
        "mobilesdk_app_id": "1:539843735083:android:97144f6afa313877f2c46e",
        "android_client_info": {
          "package_name": "com.example.xxxxx"
        }
      },
      "oauth_client": [
        {
          "client_id": "539843735083-0q677s4pge2qhlo98v7fcfta801uihqd.apps.googleusercontent.com",
          "client_type": 1,
          "android_info": {
            "package_name": "com.example.xxxxx",
            "certificate_hash": "7a947511dd3d572a36ed2af27613a0b8680f67f1"
          }
        },
        {
          "client_id": "539843735083-e4n6dg61g1npk7uka8ebf2rhcmg4t7v1.apps.googleusercontent.com",
          "client_type": 3
        }
      ],
      "api_key": [
        {
          "current_key": "AIzaSyDAJ5LFBqMK6kDhkMeX4trWILV7ut98FLY"
        },
        {
          "current_key": "AIzaSyCbfmtnNkbnhjlqanA051uSfQl1_PTjPa8"
        }
      ],
      "services": {
        "appinvite_service": {
          "other_platform_oauth_client": [
            {
              "client_id": "539843735083-e4n6dg61g1npk7uka8ebf2rhcmg4t7v1.apps.googleusercontent.com",
              "client_type": 3
            }
          ]
        }
      }
    },
    {
      "client_info": {
        "mobilesdk_app_id": "1:539843735083:android:42416f6f5241367bf2c46e",
        "android_client_info": {
          "package_name": "com.example.xxxxxfb"
        }
      },
      "oauth_client": [
        {
          "client_id": "539843735083-e4n6dg61g1npk7uka8ebf2rhcmg4t7v1.apps.googleusercontent.com",
          "client_type": 3
        }
      ],
      "api_key": [
        {
          "current_key": "AIzaSyDAJ5LFBqMK6kDhkMeX4trWILV7ut98FLY"
        },
        {
          "current_key": "AIzaSyCbfmtnNkbnhjlqanA051uSfQl1_PTjPa8"
        }
      ],
      "services": {
        "appinvite_service": {
          "other_platform_oauth_client": [
            {
              "client_id": "539843735083-e4n6dg61g1npk7uka8ebf2rhcmg4t7v1.apps.googleusercontent.com",
              "client_type": 3
            }
          ]
        }
      }
    },
    {
      "client_info": {
        "mobilesdk_app_id": "1:539843735083:android:dd219c0fd2c53811f2c46e",
        "android_client_info": {
          "package_name": "com.example.xxxxxxfireb"
        }
      },
      "oauth_client": [
        {
          "client_id": "539843735083-20nj2e7rp05p0g9a8f9tnl5mo8pmmdv0.apps.googleusercontent.com",
          "client_type": 1,
          "android_info": {
            "package_name": "com.example.xxxxxxfireb",
            "certificate_hash": "7a947511dd3d572a36ed2af27613a0b8680f67f1"
          }
        },
        {
          "client_id": "539843735083-e4n6dg61g1npk7uka8ebf2rhcmg4t7v1.apps.googleusercontent.com",
          "client_type": 3
        }
      ],
      "api_key": [
        {
          "current_key": "AIzaSyDAJ5LFBqMK6kDhkMeX4trWILV7ut98FLY"
        },
        {
          "current_key": "AIzaSyCbfmtnNkbnhjlqanA051uSfQl1_PTjPa8"
        }
      ],
      "services": {
        "appinvite_service": {
          "other_platform_oauth_client": [
            {
              "client_id": "539843735083-e4n6dg61g1npk7uka8ebf2rhcmg4t7v1.apps.googleusercontent.com",
              "client_type": 3
            }
          ]
        }
      }
    },
    {
      "client_info": {
        "mobilesdk_app_id": "1:539843735083:android:a9b2141120408d37",
        "android_client_info": {
          "package_name": "com.google.firebase.quickstart.analytics"
        }
      },
      "oauth_client": [
        {
          "client_id": "539843735083-6s77bpm3vg9agchg9iijrvq9kdfmuhru.apps.googleusercontent.com",
          "client_type": 1,
          "android_info": {
            "package_name": "com.google.firebase.quickstart.analytics",
            "certificate_hash": "7a947511dd3d572a36ed2af27613a0b8680f67f1"
          }
        },
        {
          "client_id": "539843735083-e4n6dg61g1npk7uka8ebf2rhcmg4t7v1.apps.googleusercontent.com",
          "client_type": 3
        }
      ],
      "api_key": [
        {
          "current_key": "AIzaSyDAJ5LFBqMK6kDhkMeX4trWILV7ut98FLY"
        },
        {
          "current_key": "AIzaSyCbfmtnNkbnhjlqanA051uSfQl1_PTjPa8"
        }
      ],
      "services": {
        "appinvite_service": {
          "other_platform_oauth_client": [
            {
              "client_id": "539843735083-e4n6dg61g1npk7uka8ebf2rhcmg4t7v1.apps.googleusercontent.com",
              "client_type": 3
            }
          ]
        }
      }
    },
    {
      "client_info": {
        "mobilesdk_app_id": "1:539843735083:android:87fcb66cc6ca320a",
        "android_client_info": {
          "package_name": "com.google.firebase.quickstart.auth"
        }
      },
      "oauth_client": [
        {
          "client_id": "539843735083-riisvu3mtbtbeactiomeonq3jomttluq.apps.googleusercontent.com",
          "client_type": 1,
          "android_info": {
            "package_name": "com.google.firebase.quickstart.auth",
            "certificate_hash": "7a947511dd3d572a36ed2af27613a0b8680f67f1"
          }
        },
        {
          "client_id": "539843735083-e4n6dg61g1npk7uka8ebf2rhcmg4t7v1.apps.googleusercontent.com",
          "client_type": 3
        }
      ],
      "api_key": [
        {
          "current_key": "AIzaSyDAJ5LFBqMK6kDhkMeX4trWILV7ut98FLY"
        },
        {
          "current_key": "AIzaSyCbfmtnNkbnhjlqanA051uSfQl1_PTjPa8"
        }
      ],
      "services": {
        "appinvite_service": {
          "other_platform_oauth_client": [
            {
              "client_id": "539843735083-e4n6dg61g1npk7uka8ebf2rhcmg4t7v1.apps.googleusercontent.com",
              "client_type": 3
            }
          ]
        }
      }
    },
    {
      "client_info": {
        "mobilesdk_app_id": "1:539843735083:android:1e14ad8ce32b0e2c",
        "android_client_info": {
          "package_name": "com.google.firebase.quickstart.auth.java"
        }
      },
      "oauth_client": [
        {
          "client_id": "539843735083-3nsiu9bi401htorb66bpqvgjn8njgskk.apps.googleusercontent.com",
          "client_type": 1,
          "android_info": {
            "package_name": "com.google.firebase.quickstart.auth.java",
            "certificate_hash": "7a947511dd3d572a36ed2af27613a0b8680f67f1"
          }
        },
        {
          "client_id": "539843735083-e4n6dg61g1npk7uka8ebf2rhcmg4t7v1.apps.googleusercontent.com",
          "client_type": 3
        }
      ],
      "api_key": [
        {
          "current_key": "AIzaSyDAJ5LFBqMK6kDhkMeX4trWILV7ut98FLY"
        },
        {
          "current_key": "AIzaSyCbfmtnNkbnhjlqanA051uSfQl1_PTjPa8"
        }
      ],
      "services": {
        "appinvite_service": {
          "other_platform_oauth_client": [
            {
              "client_id": "539843735083-e4n6dg61g1npk7uka8ebf2rhcmg4t7v1.apps.googleusercontent.com",
              "client_type": 3
            }
          ]
        }
      }
    },
    {
      "client_info": {
        "mobilesdk_app_id": "1:539843735083:android:fcfef757a832647b",
        "android_client_info": {
          "package_name": "com.google.firebase.quickstart.database"
        }
      },
      "oauth_client": [
        {
          "client_id": "539843735083-e4n6dg61g1npk7uka8ebf2rhcmg4t7v1.apps.googleusercontent.com",
          "client_type": 3
        }
      ],
      "api_key": [
        {
          "current_key": "AIzaSyDAJ5LFBqMK6kDhkMeX4trWILV7ut98FLY"
        },
        {
          "current_key": "AIzaSyCbfmtnNkbnhjlqanA051uSfQl1_PTjPa8"
        }
      ],
      "services": {
        "appinvite_service": {
          "other_platform_oauth_client": [
            {
              "client_id": "539843735083-e4n6dg61g1npk7uka8ebf2rhcmg4t7v1.apps.googleusercontent.com",
              "client_type": 3
            }
          ]
        }
      }
    },
    {
      "client_info": {
        "mobilesdk_app_id": "1:539843735083:android:1946d6f31b88af42",
        "android_client_info": {
          "package_name": "com.google.firebase.quickstart.database.java"
        }
      },
      "oauth_client": [
        {
          "client_id": "539843735083-e4n6dg61g1npk7uka8ebf2rhcmg4t7v1.apps.googleusercontent.com",
          "client_type": 3
        }
      ],
      "api_key": [
        {
          "current_key": "AIzaSyDAJ5LFBqMK6kDhkMeX4trWILV7ut98FLY"
        },
        {
          "current_key": "AIzaSyCbfmtnNkbnhjlqanA051uSfQl1_PTjPa8"
        }
      ],
      "services": {
        "appinvite_service": {
          "other_platform_oauth_client": [
            {
              "client_id": "539843735083-e4n6dg61g1npk7uka8ebf2rhcmg4t7v1.apps.googleusercontent.com",
              "client_type": 3
            }
          ]
        }
      }
    },
    {
      "client_info": {
        "mobilesdk_app_id": "1:539843735083:android:5920de3503a2d18c",
        "android_client_info": {
          "package_name": "com.google.firebase.quickstart.fcm"
        }
      },
      "oauth_client": [
        {
          "client_id": "539843735083-e4n6dg61g1npk7uka8ebf2rhcmg4t7v1.apps.googleusercontent.com",
          "client_type": 3
        }
      ],
      "api_key": [
        {
          "current_key": "AIzaSyDAJ5LFBqMK6kDhkMeX4trWILV7ut98FLY"
        },
        {
          "current_key": "AIzaSyCbfmtnNkbnhjlqanA051uSfQl1_PTjPa8"
        }
      ],
      "services": {
        "appinvite_service": {
          "other_platform_oauth_client": [
            {
              "client_id": "539843735083-e4n6dg61g1npk7uka8ebf2rhcmg4t7v1.apps.googleusercontent.com",
              "client_type": 3
            }
          ]
        }
      }
    },
    {
      "client_info": {
        "mobilesdk_app_id": "1:539843735083:android:8e65216148a6aefc",
        "android_client_info": {
          "package_name": "com.google.firebase.quickstart.fcm.java"
        }
      },
      "oauth_client": [
        {
          "client_id": "539843735083-e4n6dg61g1npk7uka8ebf2rhcmg4t7v1.apps.googleusercontent.com",
          "client_type": 3
        }
      ],
      "api_key": [
        {
          "current_key": "AIzaSyDAJ5LFBqMK6kDhkMeX4trWILV7ut98FLY"
        },
        {
          "current_key": "AIzaSyCbfmtnNkbnhjlqanA051uSfQl1_PTjPa8"
        }
      ],
      "services": {
        "appinvite_service": {
          "other_platform_oauth_client": [
            {
              "client_id": "539843735083-e4n6dg61g1npk7uka8ebf2rhcmg4t7v1.apps.googleusercontent.com",
              "client_type": 3
            }
          ]
        }
      }
    },
    {
      "client_info": {
        "mobilesdk_app_id": "1:539843735083:android:a806387762327d53",
        "android_client_info": {
          "package_name": "com.google.firebase.quickstart.firebasestorage"
        }
      },
      "oauth_client": [
        {
          "client_id": "539843735083-e4n6dg61g1npk7uka8ebf2rhcmg4t7v1.apps.googleusercontent.com",
          "client_type": 3
        }
      ],
      "api_key": [
        {
          "current_key": "AIzaSyDAJ5LFBqMK6kDhkMeX4trWILV7ut98FLY"
        },
        {
          "current_key": "AIzaSyCbfmtnNkbnhjlqanA051uSfQl1_PTjPa8"
        }
      ],
      "services": {
        "appinvite_service": {
          "other_platform_oauth_client": [
            {
              "client_id": "539843735083-e4n6dg61g1npk7uka8ebf2rhcmg4t7v1.apps.googleusercontent.com",
              "client_type": 3
            }
          ]
        }
      }
    },
    {
      "client_info": {
        "mobilesdk_app_id": "1:539843735083:android:c582755fd0ab572e",
        "android_client_info": {
          "package_name": "com.google.firebase.quickstart.firebasestorage.java"
        }
      },
      "oauth_client": [
        {
          "client_id": "539843735083-e4n6dg61g1npk7uka8ebf2rhcmg4t7v1.apps.googleusercontent.com",
          "client_type": 3
        }
      ],
      "api_key": [
        {
          "current_key": "AIzaSyDAJ5LFBqMK6kDhkMeX4trWILV7ut98FLY"
        },
        {
          "current_key": "AIzaSyCbfmtnNkbnhjlqanA051uSfQl1_PTjPa8"
        }
      ],
      "services": {
        "appinvite_service": {
          "other_platform_oauth_client": [
            {
              "client_id": "539843735083-e4n6dg61g1npk7uka8ebf2rhcmg4t7v1.apps.googleusercontent.com",
              "client_type": 3
            }
          ]
        }
      }
    },
    {
      "client_info": {
        "mobilesdk_app_id": "1:539843735083:android:3a4113af978fe06b",
        "android_client_info": {
          "package_name": "pokus.example.com.firebasedemo"
        }
      },
      "oauth_client": [
        {
          "client_id": "539843735083-e4n6dg61g1npk7uka8ebf2rhcmg4t7v1.apps.googleusercontent.com",
          "client_type": 3
        }
      ],
      "api_key": [
        {
          "current_key": "AIzaSyDAJ5LFBqMK6kDhkMeX4trWILV7ut98FLY"
        },
        {
          "current_key": "AIzaSyCbfmtnNkbnhjlqanA051uSfQl1_PTjPa8"
        }
      ],
      "services": {
        "appinvite_service": {
          "other_platform_oauth_client": [
            {
              "client_id": "539843735083-e4n6dg61g1npk7uka8ebf2rhcmg4t7v1.apps.googleusercontent.com",
              "client_type": 3
            }
          ]
        }
      }
    },
    {
      "client_info": {
        "mobilesdk_app_id": "1:539843735083:android:e4c17d2977753b25",
        "android_client_info": {
          "package_name": "sk.uniba.fmph.dai.borovan.fbdemo"
        }
      },
      "oauth_client": [
        {
          "client_id": "539843735083-e4n6dg61g1npk7uka8ebf2rhcmg4t7v1.apps.googleusercontent.com",
          "client_type": 3
        }
      ],
      "api_key": [
        {
          "current_key": "AIzaSyDAJ5LFBqMK6kDhkMeX4trWILV7ut98FLY"
        },
        {
          "current_key": "AIzaSyCbfmtnNkbnhjlqanA051uSfQl1_PTjPa8"
        }
      ],
      "services": {
        "appinvite_service": {
          "other_platform_oauth_client": [
            {
              "client_id": "539843735083-e4n6dg61g1npk7uka8ebf2rhcmg4t7v1.apps.googleusercontent.com",
              "client_type": 3
            }
          ]
        }
      }
    }
  ],
  "configuration_version": "1"
}